uuid,nome,cliente,regiao,status
0f76c9e9-e7a7-4fc9-8452-72ca78393d61,ACADEMIA GAVIÕES ATIBAIA,ACADEMIA GAVIÕES ATIBAIA,INTERIOR,ativo
3545e41b-2bb6-4d31-8a12-7a58862dde86,ACADEMIA GAVIÕES CAMPINAS,ACADEMIA GAVIÕES CAMPINAS,ATIBAIA / FRANCO DA ROCHA / MAIRIPORÃ,inativo
25190b19-2fbd-40bd-a868-712d5fb7c57d,ACADEMIA GAVIÕES JARAGUÁ,ACADEMIA GAVIÕES JARAGUÁ,ZONA NORTE,ativo
17cd2209-16da-476b-810c-7ab6ce654853,ACADEMIA GAVIÕES PIRITUBA,ACADEMIA GAVIÕES ATIBAIA,ZONA NORTE,ativo
86ee19e9-689a-4a35-9167-6b434a3ab0d6,ACADEMIA GIGA HOUSE,ACADEMIA GIGA HOUSE,ZONA SUL,ativo
5edac036-e61f-4f49-83ce-019e53f76806,ACADEMIA SKYFIT,ACADEMIA SKY FIT,ZONA NORTE,ativo
1645ab52-7385-4f26-9ea6-7dba1abe3fae,AIR CAMPO BELO,Condominio Air Campo Belo,POSTOS DA GAP,inativo
8e26a91a-2046-be70-46fd-4e5543dea62d,ALTA VISTA,Condominio Alta Vista 1,POSTOS DA GAP,inativo
5eb27aaf-315a-41a7-b011-829d2eb2a860,ARAUTOS DO EVANGELHO,ARAUTOS DO EVANGELHO,POSTOS DA GAP,inativo
25ccd5e1-ef01-3b3b-5e6f-10ba11e9396e,ARTE PALACIO,Arte Palacio,POSTOS DA GAP,inativo
914ad006-5400-486c-aa2d-1883ee2cfd0b,ARTE PALACIO - ENCOMENDAS,Arte Palacio,sul,inativo
78dd8fee-06ad-42e6-baa8-83970998831a,Acqua Vita Nova Mooca,CONDOMÍNIO ACQUA VITA NOVA MOOCA,POSTOS DA GAP,inativo
89eef3a9-9300-86f3-ec16-46b55c0b38de,Alpes dos Ypes,Alpes dos Ypes,POSTOS DA GAP,inativo
33f8bb81-df74-1685-0f22-ae1390e87c34,Amedeo Modigliani,Amedeo Modigliani,POSTOS DA GAP,inativo
616fa9da-0917-4439-9cdf-9174a7859bc5,Andar 02,Mirante,POSTOS DA GAP,inativo
74c30ebb-8417-7ce6-bfb4-8d2f2921bbd5,Arautos - Franco da Rocha,Arautos 9,FRANCO DA ROCHA,inativo
b64da02b-4b01-e4fd-7896-3b204a8718bd,Arautos - Franco da Rocha 2,Arautos 7,FRANCO DA ROCHA,inativo
c4d4c3a5-df62-b17f-b8d5-8c66f35c6c71,Arautos - Franco da Rocha 3,Arautos 8,FRANCO DA ROCHA,inativo
17135162-04ac-464b-91cb-d40ae535b580,Atacadão Teste - Paulista,Atacadão - Teste,ZONA OESTE,ativo
d3591870-5d70-4cc0-89cc-9ab071d653c2,BASE - TESTE,BASE__TESTE,ZONA SUL,inativo
b517faac-9e9a-448a-a8e0-8c100ba33f08,BASE GAP,Base GAP,ZONA SUL,ativo
365e3010-dbac-4e58-bed7-f41bacb252cd,BASE MORUMBI,Base GAP,POSTOS DA GAP,inativo
d4dc73a4-9524-4cb6-8dce-a7c527ba0e0c,BASE TESTE,Base GAP,POSTOS DA GAP,inativo
a389e99f-e3ce-4a4a-bfd7-bbb773fac825,BOUTIQUE OFFICES,COND. ED BOUTIQUE OFFICES,ZONA OESTE,ativo
d91e2f07-7da3-4576-be9b-bc2391610748,By Canopy Hilton,By Canopy Hilton,POSTOS DA GAP,inativo
66646ae9-0d16-4cc7-9994-584c0c4a79aa,C CONSORCIEI,C CONSORCIEI,ZONA OESTE,ativo
939ad373-4cf0-42f1-8db9-0388629c0803,CANADÁ,Condomínio Canadá,CENTRO,ativo
c9166121-46a5-4070-95a7-1be8d5098eb5,CINTERPLAS,Cinterplas Supervisão,MAIRIPORÃ,inativo
77e0ea44-1a8b-d407-0707-ea35636fc9b1,CLUBE DE CAMPO - MAIRIPORÃ,Clube de Campo,INTERIOR,ativo
e08c488f-b1be-cd93-2112-60a8d04686b1,COLUMBIA,Columbia,REGIÃO PADRÃO,inativo
4d03cd85-aaef-4352-b156-add04a61c18d,COMERCIAL CASA DAS CALDEIRAS,Comercial Casa das Caldeiras,ZONA OESTE,ativo
348066e9-f086-4fa6-8c53-520886a2eeda,CONDOMINIO ATEMPORAL,CONDOMINIO ATEMPORAL,ZONA OESTE,ativo
377cd930-ced0-45af-bf83-3faf1e2ea56c,CONDOMINIO ED PARQUE DO MORUMBI,CONDOMINIO ED PARQUE DO MORUMBI,POSTOS DA GAP,inativo
7ca0449e-5f30-45b7-985b-233c47f0a5aa,CONDOMINIO LE CORBUSIER,CONDOMINIO LE CORBUSIER,ZONA SUL,ativo
5ab4931d-7c3d-40f0-a5d2-a4bb7d6c8fc2,CONDOMINIO MARC CHAGALL,CONDOMINIO MARC CHAGALL,POSTOS DA GAP,inativo
36f8f6b7-7340-442e-a71e-c00492940d4a,CONDOMINIO RESIDENCIAL DEZ CANINDÉ,CONDOMINIO RESIDENCIAL DEZ CANINDE,ZONA NORTE,ativo
77f38793-733c-4477-80e6-8eaeec119204,CONDOMINIO VIVEIRO MARILIA VOGT,CONDOMINIO VIVEIRO MARILIA VOGT,ZONA OESTE,ativo
ec4566fb-d5f0-466d-ba4f-91d4c8157ffd,CONDOMINO INHAMBU I,CONDOMINO ED INHAMBU I,POSTOS DA GAP,inativo
3a2e15fe-0587-4516-afda-e935c9fa4ef8,CONDOMÍNIO ACQUA VITA NOVA MOOCA,CONDOMÍNIO ACQUA VITA NOVA MOOCA,ZONA LESTE,ativo
2b673a09-8511-4dd7-9ed5-bfaa5bb0aab4,CONDOMÍNIO ALBAR,Condomínio Edifício Albar,CENTRO,ativo
6a71b26b-9a8b-4ae4-aa13-51f93b886ecc,CONDOMÍNIO ALTA VISTA,Condomínio Alta vista,ZONA LESTE,ativo
5db33317-d88a-4fda-afc4-db0661b4e81c,CONDOMÍNIO ATUA MOOCA,Condomínio Atua Mooca,ZONA LESTE,ativo
b13a4ec0-ff9b-4fe5-a2fe-0493560b7aab,CONDOMÍNIO AVIS RARA,Condomínio Avis Rara,POSTOS DA GAP,inativo
98a55920-450e-4c84-b184-34650fd30bc3,CONDOMÍNIO BELLAGIO,Condomínio Bellagio,POSTOS DA GAP,inativo
c03db8ae-64ff-4d2c-b79b-c7a77e49b1fd,CONDOMÍNIO CASCAIS,Condominio Cascais,ZONA NORTE,ativo
316b6b5b-9b0d-41be-91c8-a452bdda4158,CONDOMÍNIO CINQUO,Condomínio Cínquo,ZONA OESTE,ativo
68fad595-d1e6-4c9c-b53a-18731b3a040c,CONDOMÍNIO CONTEMPORÂNEO JARDINS,CONDOMÍNIO CONTEMPORÂNEO JARDINS,ZONA OESTE,ativo
93ae11e5-1fae-42a3-a385-2948d5510160,CONDOMÍNIO COSMOPOLITAN,Condomínio Cosmopolitan,CENTRO,ativo
04fd1c61-b95d-42dd-910a-7622203a6f25,CONDOMÍNIO DOM PEDRO,Condominio Dom Pedro,ZONA LESTE,ativo
b8736909-67e4-409b-8565-b4638f040032,CONDOMÍNIO EDIFÍCIO GINZA,CONDOMÍNIO EDIFÍCIO GINZA,CENTRO,ativo
fe4e0f50-2bb9-49c5-90ef-6df040ed3909,CONDOMÍNIO EDIFÍCIO LUCIA,Lucia,ZONA SUL,ativo
42412724-e3ac-4e1e-b550-23f29a0c58f4,CONDOMÍNIO EDIFÍCIO PORTAL PARQUE DO PRÍNCIPE,PARQUE DOS PRINCIPE,ZONA SUL,inativo
60e136c6-e962-4316-8253-8d9a1c273881,CONDOMÍNIO EDIFÍCIO TABAPUÃ,Edificio Tabapuã,ZONA SUL,ativo
3b2cd609-0dfa-4421-92eb-a016e78630b0,CONDOMÍNIO EDIFÍCIO UNICO,Unico,ZONA SUL,ativo
b5ff91f6-48b7-4c30-8529-f98cc0881f87,CONDOMÍNIO EDIFÍCIO VILLAGE MORUMBI,CONDOMÍNIO EDIFÍCIO VILLAGE MORUMBI,ZONA SUL,ativo
8e73c9fd-5c59-4fd8-9a5a-c423c294f181,CONDOMÍNIO GBC,Condomínio GBC,ZONA OESTE,ativo
ed1705ed-d46a-40b7-bfa9-df3925edcfc7,CONDOMÍNIO GLASS ART,GLASS ART,ZONA OESTE,ativo
2643bb54-363a-4a73-aff7-1867702c0df9,CONDOMÍNIO GLASS STUDIOS,GLASS ART STUDIOS,ZONA OESTE,ativo
5e51f505-8d44-4c37-8453-6fe4f08f8bd1,CONDOMÍNIO GREENFIELD,Condominio Greenfield Residential,INTERIOR,ativo
5006b07c-4148-4467-8900-7cc8f427e6e1,CONDOMÍNIO IMAGE,CONDOMÍNIO IMAGE,ZONA LESTE,ativo
0307bd5f-0331-4700-acbb-87fcce23cbb7,CONDOMÍNIO INHAMBU,CONDOMÍNIO INHAMBU,SUL,ativo
7fdafdce-98b6-49bf-a0ff-53ed39d44db0,CONDOMÍNIO KING ARTHUR,COND . ED KING ARTHUR,POSTOS DA GAP,inativo
de0d0141-aeb8-ae3e-81d8-a380081a6662,CONDOMÍNIO MAISON CHARTREZ,MAISON CHARTRES,ZONA SUL,ativo
5efbe9f1-fc23-424c-a799-c9baa8966f55,CONDOMÍNIO MANSÃO RIMINI,CONDOMÍNIO E EDIFÍCIO MANSÃO RIMINI,ZONA SUL,inativo
84e52801-ad69-4c8d-89a2-8a7074991e6d,CONDOMÍNIO MARC CHAGALL,Condomínio Marc Chagall,ZONA SUL,ativo
98c51d84-c3c4-463f-8d3e-f89c9930bb5e,CONDOMÍNIO MONT VERT,Condomínio Mont Vert,POSTOS DA GAP,inativo
8b74db62-8a32-48e1-b98f-869817d139e1,CONDOMÍNIO MONTPELLIR,Condomínio Montpellier,ZONA SUL,ativo
b3830a52-70c3-46cf-b600-9f16120dcae0,CONDOMÍNIO MORADA DO ALTO,MORADA DO ALTO,ZONA OESTE,ativo
52d7a73b-3f24-4ef0-bf90-88658648399a,CONDOMÍNIO PARQUE DO PRÍNCIPE,CONDOMÍNIO PARQUE DO PRÍNCIPE,ZONA OESTE,ativo
8f0ff317-d3b2-03c1-4f1e-6cfb9c711b4e,CONDOMÍNIO REAL PANORAMA,Real Panorama,ZONA SUL,ativo
f367d78a-b9e1-49b5-add8-6786580fd3f5,CONDOMÍNIO RESERVA MUNDI,CONDOMÍNIO RESERVA MUNDI,ZONA LESTE,ativo
12e585f5-b8ea-4b5c-adc6-a2b3efa4a48e,CONDOMÍNIO SANTA ANGELA,Condomínio Santa Angela,ZONA SUL,ativo
9b39e4a9-534b-4bb6-a492-9490302cdb06,CONDOMÍNIO SPLENDOR,Condomínio Splendor,ZONA SUL,ativo
b5532325-c7f2-4b7f-82eb-6b3329c17a2a,CONDOMÍNIO STORIES IN PACAEMBU,Condomínio Stories In Pacaembu,ZONA LESTE,ativo
880d5ed6-7ce9-4e8a-9ecd-e84d79092df0,CONDOMÍNIO TRIOMPHE,CONDOMÍNIO TRIOMPHE,ZONA SUL,ativo
f2caf71e-f936-4b58-bacb-369fbc905c20,CONDOMÍNIO VICTORIA PLAZA,CONDOMÍNIO VICTORIA PLAZA,ZONA SUL,ativo
36a41d06-c7d0-43de-8014-cd2ebb1fde8d,CONDOMÍNIO VIVAZ PRIME - RIO BONITO,Vivaz Rio Bonito,ZONA SUL,ativo
ed3eff32-769a-bece-7676-c9a4638006e7,Clube De Campo - Mairiporã 2,Clube de Campo 2,MAIRIPORÃ,inativo
0ec11f8d-c0e6-394f-8414-274605577174,Clube De Campo - Mairiporã 3,Clube de Campo 3,MAIRIPORÃ,inativo
fc9974b6-b772-f758-ad8a-c267c50220cd,Colina - Mairiporã,Colina,REGIÃO PADRÃO,inativo
504c909d-a3b5-2d34-532c-6fe997291713,Colina - Mairiporã.,Colina 3,REGIÃO PADRÃO,inativo
5536da5b-86bb-e012-f547-098acbaf9d6c,Colina - Mairiporã..,Colina 2,REGIÃO PADRÃO,inativo
16cee518-db59-a5c6-49e9-d2f96a18b3f6,Colinas,Colinas,MAIRIPORÃ,inativo
22f4fb46-a5f5-49de-a8de-fab5371cc0e4,Cond. Mansão do Butantã,Cond. Mansão do Butantã,POSTOS DA GAP,inativo
382ddcff-21d9-b05e-30f1-61f6cfdebc13,Cond. Varsóvia - Franco da Rocha,Cond. Varsóvia,REGIÃO PADRÃO,inativo
d5f53312-45d0-4afb-a0e7-41ba0254308b,Condominio Cascais,Condominio Cascais,POSTOS DA GAP,inativo
289a949b-bc97-492e-b10c-e62b16d9829f,Condominio Columbia residence,Condominio Columbia Residence,POSTOS DA GAP,inativo
3ad19465-81d2-462d-905c-39d3b47694c6,Condominio Dória,Condominio Dória,POSTOS DA GAP,inativo
6cac5ad6-2951-479e-b4bf-8c9c6f9764a5,Condominio La Fontaine,La Fontaine,POSTOS DA GAP,inativo
ede8c53f-f612-4c13-8b05-953d32e6a42c,Condominio La Fontaine.,La Fontaine,POSTOS DA GAP,inativo
5f713d1a-7957-453d-9c39-b0441d3725be,Condomínio Cascais,Cond Ed Cascais,POSTOS DA GAP,inativo
0d37d9c4-75fc-4d69-8001-702a1da79817,Condomínio Dória Phampilli,Codomínio Doria Phampilli,POSTOS DA GAP,inativo
089780cb-5b81-43c9-8d7a-f5a542d3aad1,Condomínio Edifício Albar,Condomínio Edifício Albar,POSTOS DA GAP,inativo
94ed0582-dc2c-4a36-86ca-81d15befcad3,Condomínio Genebra,Condomínio Genebra,POSTOS DA GAP,inativo
5c052d76-2ea2-4520-aa1f-84c249e51f10,Condomínio Platina Patriani,Condomínio Platina Patriani,POSTOS DA GAP,inativo
27a0552d-5deb-461d-81ac-ecf990cb1b80,Condomínio Villa Bella,Condomínio Villa Bella,POSTOS DA GAP,inativo
b9179ff0-0627-5474-126d-823a7dcfa79e,Cury,Cury,MAIRIPORÃ,inativo
7d6da02f-0d87-6f63-774a-e4b083b2a413,Cury.,Cury 2,MAIRIPORÃ,inativo
fde94b27-5122-33fa-174d-a2c999240709,Cury..,Cury 3,MAIRIPORÃ,inativo
b74b97ff-9421-43b7-be65-affd24583e21,CÂMARA DE ATIBAIA,Câmara de Atibaia,POSTOS DA GAP,inativo
d0c328b8-a156-e91a-97d4-df65a4810d1d,DIB,DIB,REGIÃO PADRÃO,inativo
efd97804-99b6-4073-b24a-efc8af2a9ba9,DOM PEDRO,Condominio Dom Pedro- Mooca,POSTOS DA GAP,inativo
0fa11a2b-a16c-49a1-bdb8-946fe3b8d9d2,DORIA PAMPHILE,Edifício Dória,POSTOS DA GAP,inativo
b749b260-7cfc-4fdb-94fc-aaecf6d294c9,EDIFICIO CAMPO BELO NEW STYLE,EDIFICIO CAMPO BELO NEW STYLE,ZONA SUL,ativo
6e0081a7-6691-4491-8af4-d6a74c35cdb8,EDIFICIO GUADELUPE,EDIFICIO GUADELUPE,ZONA OESTE,ativo
5e01c30a-37cc-469a-b09c-9d78c81e1129,EDIFÍCIO COLUMBIA RESIDENCE,EDIFÍCIO COLUMBIA RESIDENCE,ZONA SUL,ativo
ec3a02e0-21c8-491b-8738-9979b9d1af85,EDIFÍCIO DORIA,Edifício Dória,ZONA SUL,ativo
dfa5eca4-2211-1a20-e6f2-c7e17ad9ca76,EDIFÍCIO ILHA BELA,Ed. Ilha Bela,ZONA OESTE,ativo
94f38edc-b2e9-4ff1-ae05-088ba9ba61fe,EDIFÍCIO RESIDENCIAL ANDORRA,Edifício Residencial Andorra,ZONA OESTE,ativo
bb808332-cbbf-43c8-9a9f-7315d2970104,EDIFÍCIO SÃO JOSÉ,EDIFÍCIO SÃO JOSÉ,ZONA OESTE,ativo
7ebb7899-1f53-4b7f-b583-6aa6ff6e5185,EDIFÍCIO THE METROPOLITAN,EDIFÍCIO THE METROPOLITAN,CENTRO,ativo
2c96fbc2-3978-41ea-8e20-b6fac9cb8f14,ESTANCIA ALTO DA SERRA,ESTANCIA ALTO DA SERRA,INTERIOR,ativo
6ba5f664-2693-33e3-08d6-0dd3c293282b,ESTÂNCIA,ESTÂNCIA,REGIÃO PADRÃO,inativo
e7564478-7f90-778c-66cf-9ebf78f0c2aa,Ed Coronel Diogo,Ed Coronel Diogo,POSTOS DA GAP,inativo
277883ea-d9e8-d05e-63d5-031cbff0ae42,Ed. Double Space - São Paulo,Ed. Double Space,POSTOS DA GAP,inativo
95725fb3-82bf-877b-bcc4-adcfe0e0b7da,Ed. Double Space - São Paulo.,Ed. Double Space.,POSTOS DA GAP,inativo
3c8582eb-e158-b07d-0a16-2e6a555a2353,Ed. Double Space - São Paulo..,Ed. Double Space..,POSTOS DA GAP,inativo
d9e737e6-20da-75a1-20fc-15d6aec5d0d7,Ed. Lucia - São Paulo,Ed. Lucia,POSTOS DA GAP,inativo
60dc2fac-8ed7-a690-0b8a-1bce8c6512f2,Ed. Lucia - São Paulo.,Ed. Lucia..,POSTOS DA GAP,inativo
f721a353-32ad-abef-a48c-9777039f75f9,Ed. Maria Do Rosário - São Paulo,Ed. Maria Do Rosário,POSTOS DA GAP,inativo
fb69a3a5-1edc-48cf-98af-554f49e8b8a1,Edifício São José,EDIFÍCIO SÃO JOSÉ,POSTOS DA GAP,inativo
53572200-215d-b23f-4ae4-a0abfa9c3897,Estancia - Mairiporã,Estancia,MAIRIPORÃ,inativo
c38a50d2-a38b-4d7e-934a-7a8362b26abb,Estação de Tratamento,Estação de Tratamento,MAIRIPORÃ,inativo
94821115-7167-22a8-32ea-d3e44df740ce,FITAFER,Fittafer,INTERIOR,ativo
8f7901d3-c83f-445e-b1cd-797ec07d05f9,GAP POSTO NOVO,GAP POSTO NOVO,MAIRIPORÃ,inativo
85713601-3254-f130-37f4-0c8201dbaf3d,GBC,Condomínio GBC,REGIÃO PADRÃO,inativo
dffaf0e9-0b6a-bac1-643c-610427f07a88,GCM EXTERNA GAP,RONDA EXTERNA GCM,REGIÃO PADRÃO,inativo
613b4599-cb28-f6ae-660c-564ba11254bd,GENEBRA,Genébra,REGIÃO PADRÃO,inativo
02ff4efe-48ae-4f71-86d0-0d782f3c7d10,GINZA,Condomínio Ginza,POSTOS DA GAP,inativo
b933c24c-f4f8-42c2-a4e8-e17f06bef2c9,GPK,GPK ATIBAIA,INTERIOR,ativo
63bd1344-a67f-4608-a9b5-db9393781d8b,GPK 1,GPK ATIBAIA,ATIBAIA / FRANCO DA ROCHA / MAIRIPORÃ,inativo
a32cb873-0c12-4854-95ea-3182f6cb868f,GPK 2,GPK ATIBAIA,ATIBAIA / FRANCO DA ROCHA / MAIRIPORÃ,inativo
21c89055-7b5e-48d9-bb0a-fd9f3dbb5c26,GTM,Empresa GTM,FRANCO DA ROCHA,inativo
f771eaee-d075-4adc-973a-a7fac45bd441,GTM CENOGRAFIA LTDA,GTM CENOGRAFIA LTDA,INTERIOR,ativo
20f54ab1-406a-4332-8672-b027286cc35f,Gap teste,Base GAP,POSTOS DA GAP,inativo
de6fb5de-4e69-4a2c-ab70-7bbdc5df2b45,HAUS MITRE BROOKLIN,HAUS MITRE,ZONA SUL,ativo
c40073dd-16a5-ace6-421b-39fd140f3989,HILTON,Estacionamento Hotel Hilton,ZONA OESTE,inativo
7697f772-9947-4107-bb6e-e613ecbe6133,Haus Mitre,Haus Mitre,POSTOS DA GAP,inativo
17ebab62-114d-42ea-9c19-aed8fed1c50d,Hilton,Estacionamento Hotel Hilton,POSTOS DA GAP,inativo
d1645613-c0ba-4ee5-9736-b0a530d9c52f,IMAGE,Condomínio Image,POSTOS DA GAP,inativo
c4d0a7d1-f08e-4cb2-863c-28b779290651,Ilha Bela,Ilha Bela,POSTOS DA GAP,inativo
c69a48bc-a0d3-a6f8-b765-c896064125d8,In Panamby,In Panamby,POSTOS DA GAP,inativo
c2d920bf-0511-450a-91ad-6ef8823a8f2b,In Parque Belem Klabin,In Parque Belem Klabin,POSTOS DA GAP,inativo
a5af105e-a12d-98ee-884a-e74e4a8542a7,JECEL,Jecel,INTERIOR,ativo
772a2618-9f60-aeec-fbcf-9e60cbf6b21e,JotaeMe Fitafer - Franco da Rocha,JotaeMe Fitafer,REGIÃO PADRÃO,inativo
26f1cd5f-ac1b-427f-a26d-ea9345ee9c97,KLABIN - IN PARQUE BELÉM KLABIN,In Klabin,ZONA LESTE,ativo
e8dcb1c7-8d59-8879-6b2c-34ac8ef16479,Klabim -,Klabim,REGIÃO PADRÃO,inativo
c7fca757-67a0-58ce-4444-27408b2cc8a3,LIVING,Living Vila Guilherme,ZONA NORTE,ativo
04c6e8a9-9c95-486c-974c-b2434c69bf25,LIVING NEAR PACAEMBU,CONDOMÍNIO LIVING NEAR PACAEMBU,ZONA OESTE,ativo
6a4347cb-fe4e-e6db-b4f4-77fb235762bc,La Fontaine,Ed. La Fontaine,POSTOS DA GAP,inativo
993b45ab-7f21-4b38-b510-a9a83aa9458c,Local Teste - FindMe,Base GAP,POSTOS DA GAP,inativo
b3f80186-39c6-4a0b-9d8a-59cb4516f78e,MAISON,MAISON CHARTRES,POSTOS DA GAP,inativo
2a0e362b-e20d-4b90-8e69-0a32230706df,MANSÃO DO BUTANTÃ,Mansão do Butantã,ZONA OESTE,ativo
b7d72036-9017-40ef-9477-784b8008f0a8,MANSÃO RIMINI,Condominio Rimini,POSTOS DA GAP,inativo
5ef873ae-a1a0-4242-99cc-293ec32f63c4,MARCIA MARIA,MARCIA MARIA,POSTOS DA GAP,inativo
9dc9d1b0-8f30-d892-38da-4d54635b2d15,MARIA DO ROSÁRIO,MARIA DO ROSÁRIO,ZONA NORTE,ativo
341ffd1f-03db-4bc9-a71a-63b5e6f1b4c1,MAURIZIO,MAURIZIO,INTERIOR,ativo
0facbb47-5e30-4c6a-b23a-a3ed58914588,MIRANTE DO VALE,Mirante,CENTRO,ativo
93d859f3-dab1-4251-ae6a-2d89f111ace3,MIRANTE JAGUARÉ,MIRANTE JAGUARÉ,ZONA OESTE,ativo
c0101e4c-567b-49d4-8d57-c4d44a3a11cc,MSK PAULISTA,MSK PAULISTA,POSTOS DA GAP,inativo
6607580e-1fcc-4173-8131-8ac21d114c6d,Maria do Rosario 1,MARIA DO ROSÁRIO,POSTOS DA GAP,inativo
a1d35686-412d-4f56-b8b2-fd75aa298d0c,Mondial - GAP Park,Mondial - GAP Park,São Bernardo,inativo
147f83cf-5481-4f7e-925d-716b7dfcf312,Mondial Home - São Bernardo,Mondial Home- São Bernardo,São Bernardo,inativo
da3ba724-f2da-476e-bbde-a0cc3ac61483,Mondial Office - São Bernardo,Mondial Office-São Bernardo,São Bernardo,inativo
0b35a06b-f71b-4a45-b44d-0c9e9cd40cc6,NEW STUDIO PINHEIROS,New Studio,POSTOS DA GAP,inativo
20fb2baf-9d5b-45b3-b015-ec856adc20c0,Neo Offices,Neo Offices,POSTOS DA GAP,inativo
94cf7bc1-29ad-41b0-aa0d-36cf31daf712,ON BELEM,On Belém View,POSTOS DA GAP,inativo
cf14d7f7-4a80-b36f-8d9b-72b89d179572,OUTLET ATIBAIA,Outlet,INTERIOR,ativo
3be1cfb2-de59-b3f3-7e98-48f42da0ecab,PANAMBY - IN PARQUE BELEM PANAMBY,IN Belem Panamby,ZONA LESTE,ativo
330926ec-78d8-47d2-9ed0-a1a235b1a295,PARQUE MORUMBI,Real Parque Morumbi,POSTOS DA GAP,inativo
df7bca56-c7a6-94a1-6442-5e5152a457c0,PERDIZES - IN PARQUE BELEM PERDIZES,In Perdizes,ZONA LESTE,ativo
244dec5d-672b-4687-bac6-8917c5f942c1,PLAENGE - Vila Madalena,Plaenge,SUL,inativo
2c840001-700e-44db-9e9d-79ddedddcd88,PLAENGE 1,Plaenge -Moema,POSTOS DA GAP,inativo
be67189a-5c67-4210-b1da-826f9ca2fbe5,PLAENGE MACUCO,Plaenge -Moema,POSTOS DA GAP,inativo
a3089ef9-c432-4e21-8661-3d887e10a8e7,PLATINA PATRIANI,PLATINA PATRIANI,ZONA LESTE,ativo
47452bcc-a441-756f-a882-c9b32056d2fc,POSTO 1,Cond Villa São Paulo Familly Club,REGIÃO PADRÃO,inativo
74f867f6-8065-e23d-1eb6-7066832c3c46,POSTO-VILLA SÃO PAULO,Cond Villa São Paulo Familly Club,REGIÃO PADRÃO,inativo
211e108d-e7bf-4577-917b-3d6f9708aa7a,Parque Colonial,Parque Colonial,Interior,inativo
ef8745ec-8597-4283-bb1c-ee1f5cd1d4a9,Parque Morumbi,Parque Morumbi,sul,inativo
b032d96f-3b8d-0aa3-06c7-b13f46823648,Pateo Klabin,Pateo Klabin,POSTOS DA GAP,inativo
53cac03d-8f06-4c2e-9184-bd8e54d92185,Plaenge,Plaenge,POSTOS DA GAP,inativo
eeb61a59-9070-442b-b651-7ce9c135de54,Plaenge Vila Madalena,Plaenge,POSTOS DA GAP,inativo
eabbd218-1bb8-6490-bd81-f11938c42d68,Pq Morumbi,Pq Morumbi,POSTOS DA GAP,inativo
6a42cf3d-ffdc-0de1-10d3-d91b3f539e50,QUADRA Ó,ESTÂNCIA,REGIÃO PADRÃO,inativo
9efb8af9-4f91-2828-03f0-3c8ba977ee77,Quartier Klabin,Quartier Klabin,POSTOS DA GAP,inativo
cb5c9ea7-6ec8-42f6-94d0-78812bd29212,RESERVA DO ALTO,RESERVA DO ALTO,ZONA LESTE,ativo
64d32dc4-fcc7-42ee-9926-464c6d10bc8a,RESIDENCIAL CANAÃ I,Residencial Canaã I,INTERIOR,ativo
5e40c026-6bac-4422-85e3-3517984ba207,RETRATO PAULISTA,CONDOMÍNIO RETRATO PAULISTA,CENTRO,ativo
8416ad17-76a6-e5ee-8458-28d2d4b3aa3f,RONDA EXTERNA GCM,RONDA EXTERNA GCM,REGIÃO PADRÃO,inativo
cd7e904c-3d1a-4563-9471-8e258b3c3bc9,RUA MARCUS PEREIRA,Rua Marcus Pereira,ZONA SUL,ativo
8ed1ee9e-0618-4b2c-8a89-972908aa79ac,RUA MELO,RUA MELO,POSTOS DA GAP,inativo
00022368-a00f-41cc-9216-fa82cf5c3338,Rua Marcus P,Rua Marcus Pereira,POSTOS DA GAP,inativo
af231421-d228-4fb0-bbff-eef6b9837239,SAFIRA PREMUIM,Safira Premuim,CENTRO,ativo
6c404b58-60a8-4980-af6c-310336e33754,SHISEIDO DO BRASIL,Shiseido do Brasil,ZONA OESTE,ativo
5332bdbb-ad27-4866-1aac-f45033114dd8,Safira Premium - São Paulo,Safira Premium,POSTOS DA GAP,inativo
9a80ddb5-c476-403e-a1fa-4950f476b799,Suiça da Cantareira,Suiça da Cantareira,MAIRIPORÃ,inativo
dd8cfab9-e325-4165-9b1a-ea0f1fc8dcaa,SÃO MARTINHO,SÃO MARTINHO,CENTRO,ativo
ae59e541-4504-439f-b04f-6276c2b793e2,TESTE,TESTE,POSTOS DA GAP,inativo
e7034415-779f-4e72-b0fd-4b876cdfe460,TESTE - 01,TESTE - CLIENTE,TESTE - REGIÃO,inativo
6d3baae9-c5e1-4b7e-a535-077c483eb19d,TRAVESSIA,Travessia,POSTOS DA GAP,inativo
c1033006-04d9-49c8-959f-85e4e2281052,TRIOMPHE,CONDOMINIO TRIOMPHE,POSTOS DA GAP,inativo
29e23a38-1857-388b-184c-47c4b71dbcc7,TRIUMPHY,Triumphy,POSTOS DA GAP,inativo
22918280-4d3c-9928-a265-80a245e43949,Tabapuã,Tabapuã,POSTOS DA GAP,inativo
cd12f7f4-79ac-4af9-b2e2-a719f84878b5,Tabapuã.,Tabapuã,POSTOS DA GAP,inativo
fa2451fb-8ec1-a675-f756-e148c7a5e4ca,Terras Atibaia II - Atibaia,Terras Atibaia II,ATIBAIA / FRANCO DA ROCHA / MAIRIPORÃ,inativo
7892df2e-e090-6da5-61b3-9f78b96d6608,Terras Atibaia II - Atibaia.,Terras Atibaia II 2,ATIBAIA / FRANCO DA ROCHA / MAIRIPORÃ,inativo
2aa5d7c1-3057-ca58-618c-65cf1f11b953,Terras Atibaia II - Atibaia..,Terras Atibaia II 3,ATIBAIA / FRANCO DA ROCHA / MAIRIPORÃ,inativo
666fad00-16ab-4269-bcb6-29a22c5f0adc,Teste FindMe,Base GAP,POSTOS DA GAP,inativo
bc478169-8fff-4524-bc8c-4661ac33fb54,Teste Findme Ari,Fittafer,POSTOS DA GAP,inativo
1365304f-9638-421b-b49e-7f9a772fe030,Testee,Base GAP,POSTOS DA GAP,inativo
f7dd2c5c-7d69-a1e8-e815-eedf4d86c717,Três Montanhas -,Três Montanhas,REGIÃO PADRÃO,inativo
38264f5d-2aac-4034-83ae-02452fca4d00,UPPER VILLE,Condominío Upper Ville,POSTOS DA GAP,inativo
ccbf3d2f-a32f-4f88-9eca-d96dd285be71,VARANDA POMPÉIA,VARANDA POMPÉIA,ZONA OESTE,ativo
8fa62739-0dbb-4b10-97a7-aca14d54518a,VEIGA VILLE,ED VEIGA VILLE,POSTOS DA GAP,inativo
7b12430d-7cbf-4f4f-93fd-acb8a73cf519,VILA BELA,Cond. ED VILA BELA,POSTOS DA GAP,inativo
403b1c4c-75ca-d9a7-1a3c-ca85b9536e76,VILLAGE MORUMBI,Village Morumbi,POSTOS DA GAP,inativo
78333a23-2eb3-4313-825c-6def0f89f779,VILLETE,Villette,ZONA OESTE,ativo
a93f40ca-2e35-b0d4-faf2-78ca49f12fbe,Vila Verde - Franco da Rocha,Vila Verde,FRANCO DA ROCHA,inativo
de9213b9-14ae-f5e7-8b41-70d6e9b7b91f,Villa Sp,Villa Sp,POSTOS DA GAP,inativo
01189ee1-b5a4-4142-8e44-56a2146ace52,Vivaz Rio Bonito- Inativo,Vivaz Rio Bonito,POSTOS DA GAP,inativo
7e37e73b-886d-4a7d-9a59-3dbc8bcec690,Vivaz prime,Viva prime,POSTOS DA GAP,inativo
37df8e92-da28-43d2-a30b-0c9626e0c907,WESTROCK,Westrock- Tabapuã,POSTOS DA GAP,inativo
ad52a03e-052c-b0f1-0be4-8157ba5fe1e3,Ypeville - Mairiporã,Ypeville,MAIRIPORÃ,inativo
601058fa-2f8a-0a22-bcc3-907d1c281e89,posto villa sp,Cond Villa São Paulo Familly Club,REGIÃO PADRÃO,inativo
6651a673-5459-42b9-a887-9b49382c3e97,test,Base GAP,POSTOS DA GAP,inativo
